<?xml version="1.0" encoding="UTF-8"?>
<beans:beans xmlns="http://www.springframework.org/schema/mvc"
	xmlns:xsi="http://www.w3.org/2001/XMLSchema-instance"
	xmlns:beans="http://www.springframework.org/schema/beans"
	xmlns:context="http://www.springframework.org/schema/context"
	xsi:schemaLocation="http://www.springframework.org/schema/mvc https://www.springframework.org/schema/mvc/spring-mvc.xsd
		http://www.springframework.org/schema/beans https://www.springframework.org/schema/beans/spring-beans.xsd
		http://www.springframework.org/schema/context https://www.springframework.org/schema/context/spring-context.xsd">

	<beans:bean id="loginInterceptor" class="vegas.koreate.mvc.interceptor.LoginInterceptor"/>
	<beans:bean id="cookieInterceptor" class="vegas.koreate.mvc.interceptor.CheckCookieInterceptor"/>
	
	<interceptors>
		<interceptor>
			<mapping path ="/**"/>
			<exclude-mapping path="/user/login"/>
			<exclude-mapping path="/user/join"/>
			<exclude-mapping path="/user/loginPost"/>
			<exclude-mapping path="/user/joinPost"/>
			<exclude-mapping path="/user/logout"/>
			<beans:ref bean="cookieInterceptor"/>
		</interceptor>
	 	<interceptor>
	 		<mapping path="/user/loginPost"/>
			<beans:ref bean="loginInterceptor"/>
	 	</interceptor>
	</interceptors>
	
</beans:beans>
